ariticle,category,date,source,title,url
,정치,2018.05.01,중앙일보,"민주당, 문 대통령 향해 욕설한 조원진 국회 윤리위 제소",http://v.media.daum.net/v/20180501221816258
,정치,2018.05.01,중앙일보,"정세균 ""외딴집에 원내대표 모아놓고 못 나가게 해야""..국회 정상화 요청",http://v.media.daum.net/v/20180501220044085
,정치,2018.05.01,동아일보,"'문 대통령은 어떤 보스?' 질문에 고민정 ""靑 직원들, 공통적으로..""",http://v.media.daum.net/v/20180501160359111
,정치,2018.05.01,조선일보,"文대통령, 9일 아베·리커창 만난다",http://v.media.daum.net/v/20180501211823467
,정치,2018.05.01,중앙일보,"""댓글 보고 운 적 있나"" 질문에 배현진이 한 말",http://v.media.daum.net/v/20180501215837062
,정치,2018.05.01,동아일보,"이정미 ""조현민 갑질은 폭력 사건..조양호 일가, 재벌 아닌 범죄 소굴""",http://v.media.daum.net/v/20180501160159073
,정치,2018.05.01,조선일보,[6·13특집-사각지대 지방의회]⑤ 대선보다 화끈한 지방선거 공약들..돈 뿌리기 남발,http://v.media.daum.net/v/20180501210128225
,정치,2018.05.01,중앙일보,"문 대통령 발언 들었나..트럼프, 페이스북에 ""평화가 상이다""",http://v.media.daum.net/v/20180501213124654
,정치,2018.05.01,동아일보,"홍준표 ""남북회담 쇼, '포악한 독재자' 달래서 한 것..남긴 게 뭐냐?""",http://v.media.daum.net/v/20180501153358311
,정치,2018.05.01,조선일보,"문정인 ""남북 평화협정 체결되면 주한미군 주둔 정당화 어렵다""",http://v.media.daum.net/v/20180501180220914
,정치,2018.05.01,중앙일보,"文 대통령, 9일 취임 후 첫 방일..유엔에 '풍계리 폐쇄 검증' 요청",http://v.media.daum.net/v/20180501211552426
,정치,2018.05.01,동아일보,"文 대통령 ""北 핵실험장 폐쇄 현장, 유엔도 함께 확인해달라"" 요청",http://v.media.daum.net/v/20180501152338031
,정치,2018.05.01,조선일보,"""文대통령, '서울·평양에도 남북연락사무소 설치하자' 제안""",http://v.media.daum.net/v/20180501170901727
,정치,2018.05.01,중앙일보,고민정 靑 부대변인이 본 김정은 위원장의 성격,http://v.media.daum.net/v/20180501205056014
,정치,2018.05.01,동아일보,"김진태 ""이희호 경호법 유권해석 어이없어, 대한민국 법치(法治)는 죽었다""",http://v.media.daum.net/v/20180501151038672
,정치,2018.05.01,조선일보,"[팩트체크]  '판문점 선언', 국회 동의 받아 비준해야 하나?",http://v.media.daum.net/v/20180501170036514
,정치,2018.05.01,중앙일보,"김정은, 美 폼페이오에 ""핵시설 어디든 다 봐도 된다""",http://v.media.daum.net/v/20180501203141724
,정치,2018.05.01,동아일보,"이재명 ""한국당 콩가루 집안, 줄기(홍준표)는 위장평화쇼라는데 가지들은..""",http://v.media.daum.net/v/20180501141455256
,정치,2018.05.01,조선일보,"권익위, 정부·지자체 해외출장 부당지원 사례 전수조사 착수",http://v.media.daum.net/v/20180501162231466
,정치,2018.05.01,중앙일보,오노요코·비비안 웨스트우드가 남북회담 향해 남긴 메시지,http://v.media.daum.net/v/20180501201517470
,정치,2018.05.01,동아일보,"전여옥 ""은수미 변명, 박근혜 전 대통령과 똑같다..시장 자격 NO""",http://v.media.daum.net/v/20180501135155652
,정치,2018.05.01,조선일보,"홍준표, 미등록 여론조사 공표로 과태료 2000만원 처분 ""돈 없으니 잡아가라""",http://v.media.daum.net/v/20180501161448312
,정치,2018.05.01,중앙일보,"허재 ""나를 형이라 부르던 北 리명훈..다시 술 한 잔 할 수 있을까""",http://v.media.daum.net/v/20180501195221909
,정치,2018.05.01,동아일보,"김태년 ""홍준표 대표, 덜 떨어진 소리 좀 그만하라""",http://v.media.daum.net/v/20180501114410261
,정치,2018.05.01,조선일보,"[속보] UN총장 ""북핵실험장 폐쇄·DMZ 평화지대화 동참 요청에 협력""",http://v.media.daum.net/v/20180501150940632
,정치,2018.05.01,중앙일보,트럼프 딸 이방카가 '좋아요' 누른 문 대통령의 사진은?,http://v.media.daum.net/v/20180501195116886
,정치,2018.05.01,동아일보,"하태경 ""한반도 평화 위해 北서는 핵 폐기, 南서는 홍준표 폐기 해야""",http://v.media.daum.net/v/20180501110950388
,정치,2018.05.01,조선일보,"문 대통령 ""북한 핵실험장 폐쇄 현장에 유엔도 함께 확인해달라""",http://v.media.daum.net/v/20180501150615560
,정치,2018.05.01,중앙일보,"트럼프 ""내가 판문점 좋아하는 이유, 文이 그곳에 있기 때문""",http://v.media.daum.net/v/20180501190933030
,정치,2018.05.01,동아일보,"하태경 ""김여정, 굉장히 칭찬해주고 싶다""..이유는?",http://v.media.daum.net/v/20180501105808008
,정치,2018.05.01,조선일보,"은수미 무상지원 의혹 '조폭사업가', 이재명도 도왔나",http://v.media.daum.net/v/20180501140043867
,정치,2018.05.01,중앙일보,"'남·북·미 스크럼' 배제 中 '몽니'?..靑, 시진핑 통화 안하나, 못하나?",http://v.media.daum.net/v/20180501181818200
,정치,2018.05.01,동아일보,"[근로자의 날]문재인 대통령 ""정부, 노동존중 사회 위해 노력할 것""",http://v.media.daum.net/v/20180501104208637
,정치,2018.05.01,조선일보,"국방부 ""北, 확성기 방송 철거 동향 포착""",http://v.media.daum.net/v/20180501134401475
,정치,2018.05.01,중앙일보,"김태호 ""경남 모든 초·중·고 무상급식 하겠다""",http://v.media.daum.net/v/20180501181254101
,정치,2018.05.01,동아일보,"한국당 ""文정권 김정은 대변인 노릇..남북 정상회담 목적이 金 영웅만들기?""",http://v.media.daum.net/v/20180501104147631
,정치,2018.05.01,조선일보,"홍준표 ""북한 독재자 대화로 끌어낸 건 잘한 일""",http://v.media.daum.net/v/20180501113438031
,정치,2018.05.01,중앙일보,"""민주당, 2일 은수미 후보 공천 재심 여부 결정""",http://v.media.daum.net/v/20180501180450945
,정치,2018.05.01,동아일보,"도올 김용옥 ""한반도 평화 위해 트럼프에게 노벨상 줘야 한다""",http://v.media.daum.net/v/20180501101026604
,정치,2018.05.01,조선일보,"김태호 ""홍준표 '위장평화쇼' 발언 너무 나갔다""",http://v.media.daum.net/v/20180501112447771
,정치,2018.05.01,중앙일보,북미 회담 장소로 급부상한 판문점 왜? 미군 영향력 큰 유엔군사령부 관할,http://v.media.daum.net/v/20180501175625812
,정치,2018.05.01,동아일보,"박용진 ""홍준표, 민주당의 산타클로스 같아..만수무강 빌었다""",http://v.media.daum.net/v/20180501094905012
,정치,2018.05.01,조선일보,"文대통령 ""모든 성장은 노동자를 위한 성장이어야""",http://v.media.daum.net/v/20180501102313053
,정치,2018.05.01,동아일보,"조원진, 문재인 대통령에 ""미친 XX"" 김정숙 여사에 ""나불나불"" 막말 논란",http://v.media.daum.net/v/20180501093646795
,정치,2018.05.01,조선일보,"靑 ""트럼프, 북미 회담장소로 판문점이 상징적""",http://v.media.daum.net/v/20180501091408391
